<?xml version="1.0" encoding="UTF-8"?>
<project-private xmlns="http://www.netbeans.org/ns/project-private/1">
    <editor-bookmarks xmlns="http://www.netbeans.org/ns/editor-bookmarks/2" lastBookmarkId="0"/>
    <open-files xmlns="http://www.netbeans.org/ns/projectui-open-files/2">
        <group>
            <file>file:/C:/Users/Dell/Desktop/TAREA%20FACTURACION/FACTURACION/src/facturacion/Cliente.java</file>
            <file>file:/C:/Users/Dell/Desktop/TAREA%20FACTURACION/FACTURACION/src/facturacion/Factura.java</file>
            <file>file:/C:/Users/Dell/Desktop/TAREA%20FACTURACION/FACTURACION/src/facturacion/Producto.java</file>
            <file>file:/C:/Users/Dell/Desktop/TAREA%20FACTURACION/FACTURACION/src/facturacion/CategoriaProducto.java</file>
            <file>file:/C:/Users/Dell/Desktop/TAREA%20FACTURACION/FACTURACION/src/facturacion/FACTURACION.java</file>
        </group>
    </open-files>
</project-private>
